{"fullscreen":true,"width":240,"height":240,"scale":1,"startScene":"main","version":"0.5.0","clearColor":[0.7215686274509804,0.8705882352941177,1,1]}